id,expected
0,0.4047973114112948
1,0.5661059126253254
2,0.48284868231503175
3,0.7158017558262693
4,0.8767048794781431
5,0.37745206671630094
6,0.40698489517043845
7,0.2963748457306554
8,0.7482569855463399
9,0.5912694235967422
10,0.6319563078308579
11,0.38901731792568994
12,0.4772396563506618
13,0.4650147559272835
14,0.5527083979105613
15,0.869015451039527
16,0.5502416424499574
17,0.4669385396263678
18,0.3215744792370707
19,0.5401596156030936
